lat,lng,title
50.7453080,25.3199020,"Молодіжна рада Луцька<br/>м. Луцьк<br/>youth.council.of.lutsk@gmail.com<br/>43000, Волинська область, м. Луцьк, вул. Богдана Хмельницького, 19<br/>+380951519491"
50.7877719,24.3365832,"<div style=""float: left; margin-right: 15px;""><img style=""max-width: 150px;"" src=""http://youthcouncil.com.ua/storage/logo/bm3Vv3EwN3Ub.jpg"" /></div>Зимнівська Молодіжна рада<br/>molodizhna.rada.zumne@gmail.com<br/>44752 Волинська обл. Володимир-Волинський р-н. с.Зимне вул. Миру 1<br/><a href=""https://www.facebook.com/%D0%97%D0%B8%D0%BC%D0%BD%D1%96%D0%B2%D1%81%D1%8C%D0%BA%D0%B0-%D0%BC%D0%BE%D0%BB%D0%BE%D0%B4%D1%96%D0%B6%D0%BD%D0%B0-%D1%80%D0%B0%D0%B4%D0%B0-352919425514965/?ref=bookmarks"">Перейти на сайт</a><br/>+380631878957"
48.7034000,26.5786690,"<div style=""float: left; margin-right: 15px;""><img style=""max-width: 150px;"" src=""http://youthcouncil.com.ua/storage/logo/yOYLguPyg3OQ.jpeg"" /></div>Кам’янець-Подільська Молодіжна рада<br/>molodradakp@gmail.com<br/>32300 Майдан Відродження 1<br/><a href=""https://www.facebook.com/%D0%9C%D0%BE%D0%BB%D0%BE%D0%B4%D1%96%D0%B6%D0%BD%D0%B0-%D1%80%D0%B0%D0%B4%D0%B0-%D0%BC%D0%9A%D0%B0%D0%BC%D1%8F%D0%BD%D1%86%D1%8F-%D0%9F%D0%BE%D0%B4%D1%96%D0%BB%D1%8C%D1%81%D1%8C%D0%BA%D0%BE%D0%B3%D0%BE-2023248937886599/"">Перейти на сайт</a><br/>+380984206508"
51.2987150,24.4316250,"<div style=""float: left; margin-right: 15px;""><img style=""max-width: 150px;"" src=""http://youthcouncil.com.ua/storage/logo/j2zLFc7RLXly.jpg"" /></div>Смідинська Молодіжна рада<br/>smidinskamolodziznarada@gmail.com<br/>44453, Волинська обл, Старовижівський р-н, с.Смідин, вул. Незалежності 25<br/><a href=""«http://smidynotg.gov.ua/smidynska-molodizhna-rada»"">Перейти на сайт</a><br/>380686902522, 380680594292, 380951532304"
50.6381950,24.1901540,"<div style=""float: left; margin-right: 15px;""><img style=""max-width: 150px;"" src=""http://youthcouncil.com.ua/storage/logo/uKfvzJ6SuUGi.png"" /></div>Литовезька молодіжна рада<br/>lytovezka.mr@gmail.com<br/>45325, Волинська область, Іваничівський район, село Литовеж, вулиця Володимира Якобчука, 11<br/><a href=""http://lotg.gov.ua/molodizhna-rada/"">Перейти на сайт</a><br/>+38(063)8993460"
50.8620985,24.1568120,"<div style=""float: left; margin-right: 15px;""><img style=""max-width: 150px;"" src=""http://youthcouncil.com.ua/storage/logo/EZgGGqfwExJF.jpg"" /></div>Устилуська молодіжна рада<br/>ustulyg.mr014@gmail.com<br/>44731,Волинська область,Володимер-Волинський район,м.Устилуг<br/>380636686204"
48.5001180,25.1595770,"Матеївецька Молодіжна рада<br/>pustovarroman@gmail.com<br/>72286<br/><a href=""-"">Перейти на сайт</a><br/>+380680502665"
48.5001190,25.1552000,Матеївецька Молодіжна рада<br/>pustovarroman@gmail.com<br/>72286<br/>+380680502665
48.5205860,24.8913900,"Печеніжинська молодіжна рада<br/>p_molrada@ukr.net<br/>74274, Івано-Франківська обл., Коломийський район, смт. Печеніжин, вул. Незалежності, 15<br/><a href=""http://pnotg.if.ua/ukr/2017-11-10-13-35-04"">Перейти на сайт</a><br/>+380 (97) 100 54 57"
48.5061820,24.9982020,"<div style=""float: left; margin-right: 15px;""><img style=""max-width: 150px;"" src=""http://youthcouncil.com.ua/storage/logo/UMa7WGMbt04p.png"" /></div>Нижньовербізька молодіжна рада<br/>nwerbizh@ukr.net<br/>78218, вул. Довбуша, 1, с. Нижній Вербіж, Коломийський район, Івано-Франківська область<br/><a href=""https://www.facebook.com/nvhromadamolodizhna/"">Перейти на сайт</a><br/>+380976637587"
48.4647170,35.0461830,"<div style=""float: left; margin-right: 15px;""><img style=""max-width: 150px;"" src=""http://youthcouncil.com.ua/storage/logo/X0mJymqhqUT4.png"" /></div>Молодіжна рада Дніпра<br/>mrdnipra2016@gmail.com<br/>49000, Дніпропетровська область, м. Дніпро, просп. Дмитра Яворницького, 75<br/><a href=""https://www.facebook.com/molradadnipra/"">Перейти на сайт</a><br/>0931967323, 0567450395, 0935059997"
49.5491030,25.5912929,"<div style=""float: left; margin-right: 15px;""><img style=""max-width: 150px;"" src=""http://youthcouncil.com.ua/storage/logo/Fqm5HhXPdDiw.png"" /></div>Молодіжна міська рада при Тернопільській міській раді<br/>lesiaholyk@gmail.com<br/>46001, вул. Листопадова, 5, м. Тернопіль<br/><a href=""https://www.facebook.com/molodizna.rada.te/"">Перейти на сайт</a><br/>+380979791191"
48.1693040,25.0439540,"Білоберізька молодіжна рада<br/>0679650973@ukr.net<br/>78713 Івано-Франківська область Верховинський район село Білоберізка прис.Центр,1<br/><a href=""https://www.facebook.com/berizkapeeps/"">Перейти на сайт</a><br/>+380971973565"
50.5187500,30.2397830,"<div style=""float: left; margin-right: 15px;""><img style=""max-width: 150px;"" src=""http://youthcouncil.com.ua/storage/logo/VUw9HBDTMZjw.jpg"" /></div>Ірпінська молодіжна громадська рада<br/>alena.rozhanska@gmail.com<br/>Київська обл., м. Ірпінь, вул. Шевченка 2а<br/><a href=""https://www.facebook.com/irpmgr/"">Перейти на сайт</a><br/>+38 098 101 69 70"
49.2520220,24.6333430,"<div style=""float: left; margin-right: 15px;""><img style=""max-width: 150px;"" src=""http://youthcouncil.com.ua/storage/logo/vOpDxA10d69e.jpg"" /></div>Бурштинська Молодіжна Рада<br/>askafufel@gmail.com<br/>77111, Івано-Франківська обл., м. Бурштин, вул. Січових стрільців, буд. 4<br/><a href=""https://www.facebook.com/groups/251616878703310/"">Перейти на сайт</a><br/>+380985479735"
48.2638545,36.8380169,"<div style=""float: left; margin-right: 15px;""><img style=""max-width: 150px;"" src=""http://youthcouncil.com.ua/storage/logo/1Cj4RCJcEHS9.jpg"" /></div>Райпільська Молодіжна рада<br/>radmolod_rso@ukr.net<br/>52940 с. Райполе. Межівський р-н. Дніпропетровська обл. вул. Приозерна, 34<br/><a href=""fecabook"">Перейти на сайт</a><br/>0665800409"
48.2638545,36.8380169,"<div style=""float: left; margin-right: 15px;""><img style=""max-width: 150px;"" src=""http://youthcouncil.com.ua/storage/logo/5KqJEkcHtsRX.jpg"" /></div>Райпільська Молодіжна рада<br/>radmolod_rso@ukr.net<br/>52940 с. Райполе. Межівський р-н. Дніпропетровська обл. вул. Приозерна, 34<br/><a href=""395127524574315/?modal=admin_todo_tour"">Перейти на сайт</a><br/>0665800409"
49.5491030,25.5912929,"<div style=""float: left; margin-right: 15px;""><img style=""max-width: 150px;"" src=""http://youthcouncil.com.ua/storage/logo/aRPaH61uxPFR.png"" /></div>Молодіжна міська рада при Тернопільській міській раді<br/>lesiaholyk@gmail.com<br/>46001, вул. Листопадова, 5, м. Тернопіль<br/><a href=""https://www.facebook.com/molodizna.rada.te/"">Перейти на сайт</a><br/>+380979791191"
46.6462230,32.6180770,"Молодіжна рада при Херсонському міському голові<br/>khersonyouthcouncil@gmail.com<br/>73000, м.Херсон, вул. Гімназична, 7<br/><a href=""https://ums.ks.ua/pro-upravlinnya/molodizhna-rada-pry-hersonskomu-miskomu-golovi/"">Перейти на сайт</a><br/>+380959257672"
50.5484610,30.2168270,"<div style=""float: left; margin-right: 15px;""><img style=""max-width: 150px;"" src=""http://youthcouncil.com.ua/storage/logo/O1mDml7zfb1I.png"" /></div>Молодіжна рада Бучанської об‘єднаної територіальної громади<br/>pridma.diana@gmail.com<br/>08292 Київська область, м. Буча<br/>+380990108603"
47.5320771,31.3250761,"<div style=""float: left; margin-right: 15px;""><img style=""max-width: 150px;"" src=""http://youthcouncil.com.ua/storage/logo/IYOQLAe5iSBc.png"" /></div>Прибужанівська молодіжна рада<br/>molradaprybuzhanotg@gmail.com<br/>56564, Миколаївська обл., Вознесенський р-н., с. Прибужани<br/>+380682664775"
47.6310165,30.9856310,"<div style=""float: left; margin-right: 15px;""><img style=""max-width: 150px;"" src=""http://youthcouncil.com.ua/storage/logo/9bJTNPlMkx9d.png"" /></div>Доманівська молодіжна рада<br/>ilnitsky_oleg@ukr.net<br/>56401, Миколаївська область, смт. Доманівка<br/>+380950791669"
51.7754830,32.2595790,"<div style=""float: left; margin-right: 15px;""><img style=""max-width: 150px;"" src=""http://youthcouncil.com.ua/storage/logo/OzW0yo9KZqyt.jpg"" /></div>Корюківська молодіжна рада<br/>mol-rada.krk@ukr.net<br/>15300, Чернігівська обл., м. Корюківка, вул. Бульварна, 6<br/><a href=""https://www.facebook.com/groups/285982301875580/"">Перейти на сайт</a><br/>+380 (99) 763-6795, +380 (99) 090-51-34, +380 (50) 252-74-16"
47.9056320,30.7834070,"<div style=""float: left; margin-right: 15px;""><img style=""max-width: 150px;"" src=""http://youthcouncil.com.ua/storage/logo/RPimLRq9XG6V.png"" /></div>""Кодимська молодь"" Кам'яномостівської сільської ради<br/>kammostosvita2017@gmail.com<br/>55232, вул.Заводська,1, с-ще Кам'яний Міст Первомайського району Миколаївської області<br/><a href=""https://kodymskamolod.blogspot.com/"">Перейти на сайт</a><br/>380966251529"
49.8174710,24.1453930,"Винниківська молодіжна рада<br/>grytskiv99@i.ua<br/>79495, Львівська обл., м. Винники, вул. Галицька, 20<br/><a href=""http://vynnyky-rada.gov.ua/"">Перейти на сайт</a>"
50.0798000,29.9163000,"<div style=""float: left; margin-right: 15px;""><img style=""max-width: 150px;"" src=""http://youthcouncil.com.ua/storage/logo/DncIGGVOpzdT.jpg"" /></div>Молодіжна Рада Фастова<br/>molodizna.rada.fastiv@gmail.com<br/>08500 Київська область, м. Фастів<br/>+38(067)536-54-24"
49.2996220,25.6887530,"<div style=""float: left; margin-right: 15px;""><img style=""max-width: 150px;"" src=""http://youthcouncil.com.ua/storage/logo/5gsuzhkwzwAJ.jpg"" /></div>Молодіжна міська рада міста Теребовля<br/>lilia_sokha@ukr.net<br/>48100, місто Теребовля, Теребовлянський район<br/><a href=""https://terebotg.in.ua/partneru/molodizhna-miska-rada/"">Перейти на сайт</a><br/>+380976059617"
50.5629730,30.0891940,"Немішаївський Молодіжний Парламент<br/>molodizhnyynemish@gmail.com<br/>07853, Київська область, Бородянський район, смт Немішаєве, вул. Б.Хмельницького, 1<br/><a href=""http://nem-rada.gov.ua/category/molodizhnyy-parlament/"">Перейти на сайт</a><br/>+380960941228"
48.8868910,26.8481870,"<div style=""float: left; margin-right: 15px;""><img style=""max-width: 150px;"" src=""http://youthcouncil.com.ua/storage/logo/a5SHwBfIgLHm.jpg"" /></div>Дунаєвецька Молодіжна рада<br/>dun_mr@i.ua<br/>32400, Хмельницька обл., Дунаєвецький р-н, м. Дунаївці, вул. Шевченка, 50<br/><a href=""https://www.facebook.com/dunaivtsi.mr/"">Перейти на сайт</a><br/>+380961424458"
49.4523240,39.6201510,"<div style=""float: left; margin-right: 15px;""><img style=""max-width: 150px;"" src=""http://youthcouncil.com.ua/storage/logo/bGabvlXQ9IBt.jpg"" /></div>Молодіжна рада при Кризькій сільській раді<br/>krizka_s_r@i.ua<br/>92424, Луганська обл, Марківський р-он, с. Кризьке, вул. Миру,18а<br/><a href=""https://www.facebook.com/groups/276331782906662/"">Перейти на сайт</a><br/>+380500818944, +380661904976"
48.6923190,26.5741690,"Кам'янець-Подільська Молодіжна рада міста<br/>sportkp@ukr.net<br/>32300, Хмельницька область, м. Кам'янець-Подільський, майдан Відродження, 1<br/><a href=""https://www.facebook.com/pg/molodradakp/about/?ref=page_internal"">Перейти на сайт</a><br/>+380984206508, + 380976547589"
47.9481300,34.7750150,"Молодіжна громадська рада при виконавчому комітеті Преображенського сільської ради<br/>prosvita2016@ukr.net<br/>70545, Запорізька область, Оріхівські район, с.Преображенка, вул. Преображенська, 3<br/>+380(95)4338400, +380(95)1777071"
50.6169270,26.1999520,"<div style=""float: left; margin-right: 15px;""><img style=""max-width: 150px;"" src=""http://youthcouncil.com.ua/storage/logo/GPyGaLuRHl9H.jpeg"" /></div>Молодіжна міська рада Рівного<br/>romaniuk.i_p16@nuwm.edu.ua<br/>+380938300972"
47.9150670,31.3092570,"Арбузинська Молодіжна рада<br/>dolga1988@ukr.net<br/>55301 Миколаївська область, Арбузинський район, смт Арбузинка<br/>+380684174813"
48.6463780,31.6321370,"Маловисківська Молодіжна рада<br/>ngo.dievo@gmail.com<br/>26200, Кіровоградська область, Маловисківський р-н, м. Мала Виска<br/>0500562010"
51.4897533,23.9297586,"<div style=""float: left; margin-right: 15px;""><img style=""max-width: 150px;"" src=""http://youthcouncil.com.ua/storage/logo/32IEZeF5YqGB.png"" /></div>Молодіжна рада Шацької селищної ради<br/>shsrada1@ukr.net<br/>44000 Волинська обл.Шацький район смт.Шацьк вул Природна,33<br/><a href=""https://www.facebook.com/molodizhna.rada.shatska/"">Перейти на сайт</a><br/>+38 (098)6688228, +38 (96)7983797"
48.5146140,34.6112440,"<div style=""float: left; margin-right: 15px;""><img style=""max-width: 150px;"" src=""http://youthcouncil.com.ua/storage/logo/7hk8D27XfzBr.png"" /></div>Молодіжна рада місто Кам'янське<br/>usim@i.ua<br/>51931, Дніпропетровська область, м. Кам'янське, проспект Свободи,36<br/>+380 (98) 827 12 15"
49.7780330,32.0317280,"Молодіжна рада ""Майбутнє Драбівець""<br/>sanjochek2009@ukr.net<br/>19731 Золотоніський район село Драбівці<br/>+380680202017"
51.5193580,32.5008360,"Молодіжна рада Сосницької ОТГ<br/>sosn@cg.gov.ua<br/>16109,Чернігівська обл. Смт Сосниця, вул. Л. Українки, 3<br/>+380989800001"
47.6763680,33.2190080,"Молодіжна Рада Широківської ОТГ<br/>shyroke.otg@gmail.com<br/>69089, вул. Героїв 37-го батальйону, 137, Запоріжжя,<br/>+38066-66-51-445"
50.2409990,25.7643260,"Смизька Молодіжна Рада<br/>smyha-molod@ukr.net<br/>35680, Рівненська область, Дубенський район, смт Смига, вул. Заводська,1<br/>+38(099)384 8452"
47.8588130,35.1836010,"Запорізька обласна студентська рада<br/>molodzp@ukr.net<br/>69107, Запорізька область, м.Запоріжжя, пр.Соборний 164<br/>+380662366023"
49.6651270,32.0380800,"Золотоніська молодіжна рада<br/>zolo-vssm@ukr.net<br/>19700 м. Золотоноша, Садовий проїзд 8<br/>+380632607459"
51.5196810,30.7342990,"Молодіжна рада ""Майбутнє Славутича""<br/>palaz77@ukr.net<br/>07100 Київська обл місто Славутич вул 77 Гвардійської дивізії 1<br/>+380669112223"
49.8182064,36.0630520,"<div style=""float: left; margin-right: 15px;""><img style=""max-width: 150px;"" src=""http://youthcouncil.com.ua/storage/logo/q4LGSkQa9orD.jpg"" /></div>Молодіжна рада Мереф'янської громади<br/>motion.team.merefa@gmail.com<br/>62472, Харківська область, Харківський район, м.Мерефа, вул. Дніпровська 213.<br/>+380957359867"
49.2659730,24.6273970,"Бурштинська Молодіжна Рада<br/>askafufel@gmail.com<br/>77111, Івано-Франківська обл., м. Бурштин, вул. Січових стрільців, буд. 4<br/><a href=""https://www.facebook.com/groups/251616878703310/?ref=bookmarks"">Перейти на сайт</a><br/>+380985479735"
50.8076630,27.3120750,"Городницька молодіжна рада<br/>gid2010@ukr.net<br/>11714, Житомирська обл., Новоград-Волинскький район, смт. Городниця, вул. Заводська 8<br/>0988176080"
46.4516980,30.7199880,"Молодіжна рада при Одеському міському голові<br/>odessa.branch.nycu@gmail.com<br/><a href=""nycukraine.org"">Перейти на сайт</a><br/>093 498 1513"
49.8462850,23.9799890,"Львівська молодіжна рада<br/>lvivyouthcouncil@nycukraine.org<br/><a href=""zapytivsad.lvivedu.com"">Перейти на сайт</a><br/>073 121 4316"
51.4907150,31.2959700,"<div style=""float: left; margin-right: 15px;""><img style=""max-width: 150px;"" src=""http://youthcouncil.com.ua/storage/logo/j1ovH7fsDFmd.jpg"" /></div>Чернігівська молодіжна рада<br/>info@newch.tv<br/><a href=""chernigiv-rada.gov.ua"">Перейти на сайт</a><br/>0462 774 883"
50.0119270,32.9886590,"Молодіжна рада Лубен<br/>mvk@lubnyrada.gov.ua<br/><a href=""http://m-lubnyrada.com.ua/"">Перейти на сайт</a><br/>053-61-7-27-21"
49.5454140,25.6010980,"Молодіжна Міська Рада Тернополя<br/>te_info@moemisto.ua<br/><a href=""https://moemisto.ua/te/molodizhna-miska-rada-ternopil-organization"">Перейти на сайт</a><br/>097 790 5549"
47.8542440,35.1499390,"Запорізька молодіжна міська рада<br/>zvern@zp.gov.ua<br/><a href=""https://zp.gov.ua/uk/page/zaporizka-molodizhna-miska-rada"">Перейти на сайт</a><br/>066 310 0046, 233-53-14"
49.2323400,28.4684260,"<div style=""float: left; margin-right: 15px;""><img style=""max-width: 150px;"" src=""http://youthcouncil.com.ua/storage/logo/3nR9XMmMEM0S.jpg"" /></div>Вінницька молодіжна рада<br/>molod@vmr.gov.ua<br/><a href=""vmr.gov.ua"">Перейти на сайт</a><br/>0432 595 100"
46.9582470,31.9778320,"Рада з питань молодіжної політики при  Миколаївському міському голові<br/>otd.molod.mk@mkrada.gov.ua<br/><a href=""mkrada.gov.ua"">Перейти на сайт</a><br/>36-24-18"
50.2538360,28.6655200,"<div style=""float: left; margin-right: 15px;""><img style=""max-width: 150px;"" src=""http://youthcouncil.com.ua/storage/logo/fS6uelIl43S4.jpg"" /></div>Молодіжна рада Житомира<br/>mvk@zt-rada.gov.ua<br/><a href=""molod.zt.ua"">Перейти на сайт</a><br/>0412 481 212"
47.4207310,30.9871280,"Молодіжна рада ""Кульбаба""<br/>marina-flakey@ukr.net<br/>56470, село Мостове Доманівський район Миколаївська область<br/><a href=""https://www.facebook.com/kulbaba.molodrada/"">Перейти на сайт</a><br/>0966756278"
48.1414530,33.7598510,"Молодіжна рада ""Агент змін""<br/>agent_zmin@ukr.net<br/>53132, Дніпропетровська обл., Софіївський р-н., с. Мар'є-Дмитрівка, вул. Молодіжна, буд.4<br/><a href=""https://www.facebook.com/groups/agentzmin/"">Перейти на сайт</a><br/>+380 (97) 643 - 74 - 67"
51.5061540,31.2838790,"Молодіжна рада при Чернігівському міському голові<br/>mr.chernihiv@gmail.com<br/>14000, Чернігівська обл., Чернігівський р-н, вул. Кирпоноса, 9<br/><a href=""https://www.facebook.com/mrchernihiv/?epa=SEARCH_BOX"">Перейти на сайт</a><br/>(0462) 77-41-34"
46.8473640,35.3820140,"<div style=""float: left; margin-right: 15px;""><img style=""max-width: 150px;"" src=""http://youthcouncil.com.ua/storage/logo/j47msWxemeT9.png"" /></div>Молодіжний парламент Мелітополя<br/>mpm@mlt.gov.ua<br/>72312, Запорізька область, місто Мелітополь, вулиця Михайла Грушевського, будинок 5<br/><a href=""http://mlt.gov.ua/index.php?option=com_content&task=blogcategory&id=218&Itemid=529"">Перейти на сайт</a><br/>+380966128291"
50.4266896,25.3394224,"<div style=""float: left; margin-right: 15px;""><img style=""max-width: 150px;"" src=""http://youthcouncil.com.ua/storage/logo/M0oR1UazC9tc.jpg"" /></div>Молодіжна рада при Демидівській селищній раді<br/>demydivka.mr@gmail.com<br/>35200, Рівненська обл., Демидівський р-н, смт Демидівка, вул. Миру, 35<br/><a href=""https://demydivska-gromada.gov.ua/molodizhna-rada-22-34-38-22-06-2018/"">Перейти на сайт</a><br/>+380363761842, 096-9502788"
49.2979510,38.9356570,"Чмирівська Молодіжна Рада<br/>molod.rada.ch.otg@gmail.com<br/>92740, Луганська обл, Старобільський р-н, с.Чмирівка, вул. Запорізька, 15.<br/><a href=""https://www.facebook.com/%D0%9C%D0%BE%D0%BB%D0%BE%D0%B4%D1%96%D0%B6%D0%BD%D0%B0-%D1%80%D0%B0%D0%B4%D0%B0-%D0%A7%D0%BC%D0%B8%D1%80%D1%96%D0%B2%D1%81%D1%8C%D0%BA%D0%BE%D1%97-%D0%9E%D0%A2%D0%93-2312561742094192/"">Перейти на сайт</a>"
50.4745180,32.7031640,Варвинська молодіжна рада<br/>oksanalukavenko1@gmail.com<br/>17600 Чернігівська обл смт Варва<br/>0502894877
49.0112560,31.3700490,"Шполянська молодіжна рада<br/>koval_nn@ukr.net<br/>20603, Черкаська обл., м. Шпола, вул. Лозуватська,59<br/><a href=""http://shpola-otg.gov.ua/molodizhna-rada/"">Перейти на сайт</a><br/>+380(98)9423818"
49.8613090,26.0904050,"<div style=""float: left; margin-right: 15px;""><img style=""max-width: 150px;"" src=""http://youthcouncil.com.ua/storage/logo/HuDAvY04kejo.jpg"" /></div>Молодыжна рада при Лановецькій міській раді<br/>vitaliia.druziuk@gmail.com<br/>47402, Тернопільська обл., м.Ланівці, вул.Незалежності, 34<br/><a href=""lanmisto.gov.ua"">Перейти на сайт</a><br/>+380986684083"
49.9423000,35.9350310,"Люботинська молодіжна рада при Люботинській молодіжній раді<br/>initsiativ@gmail.com<br/>ул.Вольная б.15<br/><a href=""http://lubotin-rada.gov.ua/info/page/3227"">Перейти на сайт</a><br/>0967000972"
49.8136660,25.9761950,Молодіжна рада Лановецького району<br/>davidandroshchuk@yahoo.com<br/>+380962866805
49.8666390,26.0918620,"Молоджіна рада при Лановецькій міській раді<br/>vitaliia.druziuk@gmail.com<br/>47402, Тернопільська обл., м.Ланівці, вул.Незалежності, 34<br/>+380986684083"
51.8918090,31.6018140,"<div style=""float: left; margin-right: 15px;""><img style=""max-width: 150px;"" src=""http://youthcouncil.com.ua/storage/logo/x369MlE8vd33.jpg"" /></div>Городнянська молодіжна рада Городнянської міської ради<br/>mrgorm@ukr.net<br/>15100, Чернігівська область, місто Городня, вулиця Троїцька, будинок 13<br/><a href=""https://gormr.gov.ua/molodizhna-rada/"">Перейти на сайт</a><br/>0687972713"
49.3922780,25.6068710,"<div style=""float: left; margin-right: 15px;""><img style=""max-width: 150px;"" src=""http://youthcouncil.com.ua/storage/logo/xFrgfjzr9GBh.jpg"" /></div>Микулинецька Молодіжна рада<br/>ivanisinjulija13@gmail.com<br/>48120, Тернопільська обл., Теребовлянський р-н, смт Микулинці, вул. Степана Бандери, буд. 11<br/>+380 (67) 130-20-13"
47.2008750,30.9091120,"Березівська Молодіжна рада<br/>povcharenko200312@gmail.com<br/>Библиотека, General Pliev Square, Berezivka, 67300-67305, Ukraine<br/><a href=""https:/https://www.facebook.com/groups/546593049444076/?ref=bookmarks/www.facebook.com/groups/546593049444076/?ref=bookmarks"">Перейти на сайт</a><br/>380973670589"
48.1009620,23.7395160,"Вільховецька молодіжна рада<br/>gromadavilhovecka@gmail.com<br/>90542, Закарпатська обл. Тячівський р-н, с. Вільхівці, вул. Центральна, 101<br/><a href=""https://gromada.org.ua/gromada/vilhovecka/"">Перейти на сайт</a><br/>+з8 0962062833, +380962062833"
48.3133510,23.0357870,Іршавська молодіжна рада<br/>8888s0000@gmail.com<br/>90100<br/>+380967239906
48.5320010,35.0714250,"<div style=""float: left; margin-right: 15px;""><img style=""max-width: 150px;"" src=""http://youthcouncil.com.ua/storage/logo/TvpFT4XGoO1W.png"" /></div>Молодіжна Рада при Слобожанському Селищному Голові<br/>olgashapovalova0405@gmail.com<br/>52005, Дніпропетровська область, Дніпровський район, смт Слобожанське, вул.Василя Сухомлинського, 56-б<br/>+38 068 775 35 51"
48.7342310,22.4640760,"<div style=""float: left; margin-right: 15px;""><img style=""max-width: 150px;"" src=""http://youthcouncil.com.ua/storage/logo/KxdfYYYLDfqL.png"" /></div>Молодіжна рада Перечинської ОТГ<br/>molodozhnaradaperechyn@gmail.com<br/>89200, Закарпатська область, Перечинський р-н, Перечинська ОТГ, м. Перечин, Ужгородська, 76<br/><a href=""https://www.facebook.com/%D0%9C%D0%BE%D0%BB%D0%BE%D0%B4%D1%96%D0%B6%D0%BD%D0%B0-%D1%80%D0%B0%D0%B4%D0%B0-%D0%9F%D0%B5%D1%80%D0%B5%D1%87%D0%B8%D0%BD%D1%81%D1%8C%D0%BA%D0%BE%D1%97-%D0%9E%D0%A2%D0%93-1278003385691879/?epa=SEARCH_BOX"">Перейти на сайт</a><br/>+38 (099) 471 26 31"
48.0151220,23.5713140,"Тячівська Молодіжна рада<br/>chex6025@gmail.com<br/>90500, Закарпатська обл., Тячівський район, м. Тячів, вул. Шевченка, 2<br/><a href=""https://tyachiv-city.gov.ua/feedback/"">Перейти на сайт</a><br/>+380989230797"
48.7349100,37.5776220,"<div style=""float: left; margin-right: 15px;""><img style=""max-width: 150px;"" src=""http://youthcouncil.com.ua/storage/logo/tJskshBEJFHu.png"" /></div>Краматорська Молодіжна рада<br/>molodradakram@gmail.com<br/>84313, Донецька обл., м. Краматорськ, бул. Машинобудівників, 37<br/><a href=""https://www.facebook.com/groups/molod.kram.rada/"">Перейти на сайт</a><br/>+380952217009, +380636116000"
46.7251570,36.3480390,"Молодіжна Приморської ОТГ<br/>ridna90@gmail.com<br/>72102, Запорізька область, Приморський район, м.Приморськ, вул.Центральна, б.7<br/>380505610902"
51.4412590,24.4331410,"Старовижівська Молодіжна Рада<br/>ribal4enko.kolia@ukr.net<br/>44401, Волинська обл. Старовижівський р-н, смт. Стара Вижівка вул. Незалежності 50<br/>+380991397615"
50.3277710,26.5119300,"Острозька Молодіжна рада<br/>Ostrogmolodsport@ukr.net<br/>35800, м. Острог, просп.Незалежності, 2<br/><a href=""https://www.ostroh.rv.ua/"">Перейти на сайт</a><br/>+380964604645"
47.7103733,35.2144942,"<div style=""float: left; margin-right: 15px;""><img style=""max-width: 150px;"" src=""http://youthcouncil.com.ua/storage/logo/m1fe7UBi6oFI.png"" /></div>Кушугумська Молодіжна Рада<br/>kmolodiznarada@gmail.com<br/>70450, Запорізька обл., Запорізький р-н, смт. Кушугум, вул. Кірова, буд 192<br/><a href=""https://www.instagram.com/mr_kushugum"">Перейти на сайт</a><br/>+380967385369"
49.8027820,30.1075590,"Білоцерківська Молодіжна рада<br/>btsms@ukr.net<br/>09100 Київська область, Білоцерківський район, місто Біла Церква, вул. Олеся Гончара, 11<br/>+380935477505"
50.6164310,26.2445760,Рівненська молодіжна міська рада<br/>viktor.pidgrushnij@gmail.com<br/>+380 (73) 083 82 96
50.2952060,26.8568510,"Молодіжна рада Славутської міської ОТГ<br/>info-mvk@ukr.net<br/>30000, Хмельницька обл., м. Славута, вул. Соборності, 7<br/><a href=""https://www.facebook.com/molodizhna.rada.slavuty/"">Перейти на сайт</a>"
46.4516440,33.8705740,Молодіжна рада при Асканія-Нова селищній раді<br/>ask.molod.rada@gmail.com<br/>+380663328887
48.5298820,25.0291360,"<div style=""float: left; margin-right: 15px;""><img style=""max-width: 150px;"" src=""http://youthcouncil.com.ua/storage/logo/VHf6dnW0lIes.jpg"" /></div>Молодіжна рада Коломийської ОТГ<br/>molodizna.rada.klm@gmail.com<br/>78200, Івано-Франківська область, м.Коломия, вул. Грушевського, 1<br/>+380669862931"
49.3704050,35.4452690,"Красноградська молодіжна рада<br/>grshna55@gmail.com<br/>63304 м. Красноград, вул. Бєльовська, 88<br/>+380501450929"
49.5313580,26.1440799,"<div style=""float: left; margin-right: 15px;""><img style=""max-width: 150px;"" src=""http://youthcouncil.com.ua/storage/logo/fuEugUTqHdo1.png"" /></div>Підволочиська молодіжна селищна рада<br/>youthparlament.pidvol@gmail.com<br/>47800.Тернопільска обл.смт Підволочиськ.вул Шептицького<br/><a href=""https://sites.google.com/view/youthparlament/"">Перейти на сайт</a><br/>+38(096)13-45-949"
47.1260136,37.5393831,"<div style=""float: left; margin-right: 15px;""><img style=""max-width: 150px;"" src=""http://youthcouncil.com.ua/storage/logo/nZNrdgYtxEJw.png"" /></div>Молодіжна рада Маріуполя<br/>molodrada.mrpl@gmail.com<br/>87500 Донецька область, місто Маріуполь, Архітектора Нільсена 35а<br/>+38 096 465 4328"
49.4267400,23.7462480,"Меденицька Молодіжна рада<br/>kisera.ivan18@gmail.com<br/>82160, 82161 Львівська обл., Дрогобицький р-н, смт Меденичі, вул. Незалежності, 52<br/>+380972047094"
50.1050263,24.3380562,"<div style=""float: left; margin-right: 15px;""><img style=""max-width: 150px;"" src=""http://youthcouncil.com.ua/storage/logo/d0XvA8h1QHeh.jpeg"" /></div>Молодіжна рада при Кам‘янка-Бузькій міській раді<br/>ikvas@i.ua<br/>80400, Львівська обл., м. Кам‘янка-Бузька, вул. Шевченка 2<br/>+380977585899"
50.4831613,24.2816145,"Молодіжна Рада м.Сокаль<br/>youngconcilsokal@gmail.com<br/>80001, Львівська область, Червоноградський район, м. Сокаль<br/>+380687721515"
50.4973322,26.2480108,"<div style=""float: left; margin-right: 15px;""><img style=""max-width: 150px;"" src=""http://youthcouncil.com.ua/storage/logo/nzECzexw3WvT.jpg"" /></div>Здовбицька молодіжна рада<br/>mrzdovbytsia@gmail.com<br/>35700, Рівненська обл. Рівненський р-н,  с. Здовбиця,  вул. Шосова 105<br/><a href=""https://www.facebook.com/groups/755150098737871"">Перейти на сайт</a><br/>+380680520238"
49.8375630,35.2926340,"<div style=""float: left; margin-right: 15px;""><img style=""max-width: 150px;"" src=""http://youthcouncil.com.ua/storage/logo/X64ZOX7d2Zpn.jpg"" /></div>Коломацька молодіжна рада<br/>tanabobonec@gmail.com<br/>63101<br/><a href=""https://www.facebook.com/profile.php?id=100057804232575"">Перейти на сайт</a><br/>380508751944"
50.5941200,27.6165000,"<div style=""float: left; margin-right: 15px;""><img style=""max-width: 150px;"" src=""http://youthcouncil.com.ua/storage/logo/g9FEw48zTC8B.jpg"" /></div>Новоград-Волинська Молодіжна рада<br/>molodizhna.rada.nv@gmail.com<br/>11702, Житомирська обл., Новоград-Волинський р-н, м Новоград-Волинський, вул. Шевченка, буд. 16<br/><a href=""https://www.facebook.com/%D0%9C%D0%BE%D0%BB%D0%BE%D0%B4%D1%96%D0%B6%D0%BD%D0%B0-%D0%A0%D0%B0%D0%B4%D0%B0-%D0%9D%D0%BE%D0%B2%D0%BE%D0%B3%D1%80%D0%B0%D0%B4%D0%B0-%D0%92%D0%BE%D0%BB%D0%B8%D0%BD%D1%81%D1%8C%D0%BA%D0%BE%D0%B3%D0%BE-105533141053295/"">Перейти на сайт</a><br/>+380 (93) 483 42 94, +380 (93) 483 42 94"
48.9591030,24.6825140,Молодіжна рада Угринівської ТГ<br/>molodiznaradauhryniv@gmail.com<br/>77421 Угринів вул.Польова 1<br/>+380966572932
50.1774271,30.3201848,"<div style=""float: left; margin-right: 15px;""><img style=""max-width: 150px;"" src=""http://youthcouncil.com.ua/storage/logo/IGgg6jIKkk4P.png"" /></div>Молодіжна Рада Василькова<br/>m.rada.vasylkiv@gmail.com<br/>08601, Київська обл., Обухівський р-н, м. Васильків, вул. Покровська, буд. 5<br/>+380638969891"
48.9610757,24.6807973,"<div style=""float: left; margin-right: 15px;""><img style=""max-width: 150px;"" src=""http://youthcouncil.com.ua/storage/logo/UrOtKd816fvo.png"" /></div>Угринівська Молодіжна рада<br/>molodiznaradauhryniv@gmail.com<br/>77423 с.Угринів вул.Польова,1<br/>+380966572932"
50.0561340,23.9711967,"<div style=""float: left; margin-right: 15px;""><img style=""max-width: 150px;"" src=""http://youthcouncil.com.ua/storage/logo/xtmHaSKXYaoV.jpg"" /></div>Жовківська Молодіжа Рада<br/>youthcouncilzhovkva@gmail.com<br/>80300, м.Жовква, пл.Вічева 1<br/><a href=""https://www.facebook.com/youthcouncilzhovkva"">Перейти на сайт</a><br/>+380980488121, +380994943745"
49.0361550,28.1068990,"<div style=""float: left; margin-right: 15px;""><img style=""max-width: 150px;"" src=""http://youthcouncil.com.ua/storage/logo/dsScI6HEYYus.png"" /></div>Жмеринська молодіжна рада<br/>ms30082004091173@gmail.com<br/>23100<br/>+380983551526"
50.3066521,34.8999563,"<div style=""float: left; margin-right: 15px;""><img style=""max-width: 150px;"" src=""http://youthcouncil.com.ua/storage/logo/nIO85aWpTP0g.png"" /></div>Молодіжна рада при Охтирській міській раді<br/>aza017@gmail.com<br/>вулиця Незалежності, 11 місто Охтирка Сумська область 42700 Україна<br/><a href=""https://www.facebook.com/molodizhnarada.okht"">Перейти на сайт</a><br/>+380661182520"
47.0090989,33.7294405,Молодіжна рада Горностаївської селищної об'єднаної територіальної громади<br/>molodizhnaradahotg@gmail.com<br/>+380(66)183-84-27
50.9136360,34.7743473,"<div style=""float: left; margin-right: 15px;""><img style=""max-width: 150px;"" src=""http://youthcouncil.com.ua/storage/logo/jTLhjN1q3Ev0.jpg"" /></div>Молодіжна рада при Сумській обласній державній адміністрації.<br/>omr.sumy@gmail.com<br/>40000, Сумська обл., м. Суми, майдан Незалежності, буд. 2<br/><a href=""https://www.facebook.com/sumy.somr"">Перейти на сайт</a><br/>+38 (099) 2284070"
49.3345724,22.9913821,"<div style=""float: left; margin-right: 15px;""><img style=""max-width: 150px;"" src=""http://youthcouncil.com.ua/storage/logo/EP5nKAHuTbGt.jpg"" /></div>Молодіжна рада при Стрілківській сільській раді<br/>molodizhnarada.strilky@gmail.com<br/>82092, Львівська обл., Самбірський р-н, с. Стрілки, вул. М.Вербицького, 2<br/>(098) 271-9903, (096) 984-8560"
48.6142537,22.2923387,Закарпатська молодіжна рада<br/>kaniyk2000@icloud.com<br/>88000<br/>(095) 070-5822
48.3637408,22.3994631,"Батівька Молодіжна рада<br/>mrbatyovo@gmail.com<br/>90212, Закарпатська обл., Берегівський р-н, смт Батьово, вул. Кошута, буд. 128<br/><a href=""https://batyovo-rada.gov.ua"">Перейти на сайт</a><br/>(031) 414-9355"
48.8025560,26.0401870,"<div style=""float: left; margin-right: 15px;""><img style=""max-width: 150px;"" src=""http://youthcouncil.com.ua/storage/logo/2E4cIOobpUtL.jpg"" /></div>Молодіжна рада при Борщівській міській раді<br/>katschan@ukr.net<br/>48700, Тернопільська область, Чортківський район, місто Борщів,<br/>0977205031"
48.5085162,32.2661752,"Кропивницька молодіжна рада<br/>Kropmolodrada@gmail.com<br/>25000  Кіровоградська область, Кропивницький, вулиця Велика Перспективна, 41,<br/>(099) 782-7883"
50.7417428,25.3540313,"Молодіжна рада при Волинській ОДА<br/>youth.council.of.volyn@gmail.com<br/>43000, Волинська область, м. Луцьк, Градний узвіз, 5<br/><a href=""https://voladm.gov.ua/category/molodizhna-rada/1/"">Перейти на сайт</a><br/>(096) 412-1534"
50.1087125,27.7004001,"Миропільська молодіжна рада<br/>molod.rada.m@gmail.com<br/>13033, смт.Миропіль, Житомирська область, Житомирський район, вул. Центральна 38<br/><a href=""https://www.instagram.com/molodizhna_rada_myropil/"">Перейти на сайт</a><br/>(096) 533-1025, (096) 533-1025"
50.8342500,25.4582100,"<div style=""float: left; margin-right: 15px;""><img style=""max-width: 150px;"" src=""http://youthcouncil.com.ua/storage/logo/6UGzevnfSeI9.jpg"" /></div>Ківерцівська молодіжна рада (Youth Council Kivertsi)<br/>yckvtsyo@gmail.com<br/>45201, Волинська область, Луцький район, місто Ківерці, вулиця Шевченка 14<br/><a href=""https://www.facebook.com/YCKvts/?ref=pages_you_manage"">Перейти на сайт</a><br/>(095) 130-0971"
47.9735490,24.0147396,"Великобичківська молодіжна рада<br/>yurii.tkach5@gmail.com<br/>90615, Закарпатська обл., Рахівський р-н, смт Великий Бичків, вул. Покровська 16<br/>(096) 111-6590"
50.9123800,25.2677221,Молодіжна рада при Рожищенській міській раді<br/>Kuchmukmaksimm@gmail.com<br/>Nezalezhnosti 60 street<br/>0667085266
50.1328759,27.9410640,"<div style=""float: left; margin-right: 15px;""><img style=""max-width: 150px;"" src=""http://youthcouncil.com.ua/storage/logo/8Q4rMKIOFOFZ.png"" /></div>Романівська Молодіжна Рада<br/>mrromaniv@ukr.net<br/>13001, Житомирська область, Житомирський район, смт Романів<br/><a href=""https://www.facebook.com/groups/304576727873325/?ref=share"">Перейти на сайт</a><br/>0989881398"
49.0170810,25.7980890,"<div style=""float: left; margin-right: 15px;""><img style=""max-width: 150px;"" src=""http://youthcouncil.com.ua/storage/logo/WhkdLiPTXN8t.jpg"" /></div>Чортківська молодіжна рада<br/>youthcouncil.chortkiv@gmail.com<br/>48500, Тернопільська обл.; м. Чортків; вул. Тараса Шевченка 21<br/>(067) 496-9780"
48.3079100,37.2591000,"<div style=""float: left; margin-right: 15px;""><img style=""max-width: 150px;"" src=""http://youthcouncil.com.ua/storage/logo/CxEXX6XvWaSo.jpg"" /></div>Молодіжна Рада Мирнограда<br/>myrnograd@ukr.net<br/>85322, Донецька обл., м. Мирноград, вул. Центральна, 9<br/><a href=""https://www.instagram.com/m.r.myrnograda/"">Перейти на сайт</a><br/>(063) 684-1023"
50.1338084,23.8473488,"<div style=""float: left; margin-right: 15px;""><img style=""max-width: 150px;"" src=""http://youthcouncil.com.ua/storage/logo/wHMah8a5BEFz.png"" /></div>Добросинсько-Магерівська молодіжна рада<br/>orest.borus@gmail.com<br/>80337, Львівська область, Львівський район, село Добросин, площа 40-річчя Перемоги,3<br/><a href=""https://dmg.gov.ua/molodizhna-rada-09-36-54-08-07-2021/"">Перейти на сайт</a><br/>(067) 890-9728, (067) 890-9728"
49.4628203,36.8786912,"<div style=""float: left; margin-right: 15px;""><img style=""max-width: 150px;"" src=""http://youthcouncil.com.ua/storage/logo/6hwF9Z9BQR7f.png"" /></div>Балаклійська Молодіжна Рада<br/>bal.mol.rada@gmail.com<br/>64200, Харківська область, місто Балаклія, вулиця Жовтнева,14<br/><a href=""https://www.instagram.com/invites/contact/?i=1x6jq8quguwpg&utm_content=n9x0cnb"">Перейти на сайт</a><br/>0660646290, 0574920716"
50.5771750,25.8649710,"<div style=""float: left; margin-right: 15px;""><img style=""max-width: 150px;"" src=""http://youthcouncil.com.ua/storage/logo/pGiqU6lqlRDh.jpg"" /></div>Молодіжна рада при Дядьковицькій сільській раді<br/>molodiznaradadadkovichi@gmail.com<br/><a href=""https://www.facebook.com/groups/dyadkovychi.molod/?ref=share"">Перейти на сайт</a><br/>0950708081, 0967034060"
50.7644300,24.9986860,"Моложна рада при Торчинській селищній раді<br/>super.lady.iron@gmail.com<br/>45612, Волинська область, Луцький район, смт Торчин вул Незалежності 35<br/><a href=""https://www.facebook.com/molodtorchinskoiotg/"">Перейти на сайт</a><br/>0505226102"
49.1000000,34.7361411,"Чернеччинська Молодіжна Рада<br/>elenagunko55577@gmail.com<br/>51110, Дніпропетровська область, Новомосковський район, с. Гупалівка, вул. Романа Савченко 40А<br/>0664427344, 0664427344"
51.0569110,31.1508117,"Молодіжна рада при Кіптівській сільській раді<br/>vidksmskipti@ukr.net<br/>17035, с.Кіпті, вулиця Слов'янська 53<br/><a href=""https://www.facebook.com/groups/4492444994210231/?ref=share"">Перейти на сайт</a><br/>0663958982"
49.6784370,36.3556080,"Молодіжна рада при Зміївському міському голові<br/>artysha90@gmail.com<br/>63404, Харківська обл., Чугуївський р-н, місто Зміїв, вул.Адміністративна, будинок 9<br/><a href=""https://www.facebook.com/profile.php?id=100073631853570"">Перейти на сайт</a><br/>(066) 286-8133"
50.7670630,25.5152430,"<div style=""float: left; margin-right: 15px;""><img style=""max-width: 150px;"" src=""http://youthcouncil.com.ua/storage/logo/hgsT3f8aMVS3.jpg"" /></div>Підгайцівська Молодіжна рада<br/>pidgaytsi.youth.council@gmail.com<br/>45635,Волинська обл., Луцький р-н, с. Піддубці<br/><a href=""https://pidgayci-gromada.gov.ua/molodizhna-rada-pri-pidgajcivskij-silskij-radi-14-25-23-09-11-2021/"">Перейти на сайт</a><br/>(066) 474-4235"
48.6541915,34.3347779,"<div style=""float: left; margin-right: 15px;""><img style=""max-width: 150px;"" src=""http://youthcouncil.com.ua/storage/logo/ABmwfGHt7vwV.jpg"" /></div>Верхньодніпровська молодіжна рада<br/>donskihtoropchinanatalia@gmail.com<br/>51600, м.Верхньодніпровськ, пр. Шевченко, 21<br/><a href=""https://www.facebook.com/groups/222728875168647"">Перейти на сайт</a><br/>0676372929"
